Date(UTC),AverageBlockTime
7/30/2015,4.46
7/31/2015,12.58
8/1/2015,16.34
8/2/2015,16.12
8/3/2015,16.37
8/4/2015,16.1
8/5/2015,16.51
8/6/2015,16.89
8/7/2015,16.65
8/8/2015,16.44
8/9/2015,16.86
8/10/2015,16.44
8/11/2015,16.37
8/12/2015,16.86
8/13/2015,16.34
8/14/2015,14.88
8/15/2015,16.04
8/16/2015,16.84
8/17/2015,16.16
8/18/2015,17.46
8/19/2015,16.64
8/20/2015,21.47
8/21/2015,16.98
8/22/2015,16.39
8/23/2015,17.24
8/24/2015,16.67
8/25/2015,16.95
8/26/2015,17.27
8/27/2015,18.35
8/28/2015,18.57
8/29/2015,19.93
8/30/2015,20.77
8/31/2015,20.87
9/1/2015,21.86
9/2/2015,24.12
9/3/2015,25.53
9/4/2015,19.3
9/5/2015,17.48
9/6/2015,17.19
9/7/2015,17.77
9/8/2015,17.46
9/9/2015,17.12
9/10/2015,17.18
9/11/2015,16.71
9/12/2015,17.11
9/13/2015,17.25
9/14/2015,17.61
9/15/2015,17.75
9/16/2015,17.32
9/17/2015,17.91
9/18/2015,17.57
9/19/2015,16.9
9/20/2015,16.04
9/21/2015,16.87
9/22/2015,17
9/23/2015,16.58
9/24/2015,17.1
9/25/2015,16.73
9/26/2015,17.32
9/27/2015,17.92
9/28/2015,18.02
9/29/2015,18.51
9/30/2015,18.04
10/1/2015,16.45
10/2/2015,16.62
10/3/2015,16.84
10/4/2015,17.47
10/5/2015,17.05
10/6/2015,17.67
10/7/2015,17.09
10/8/2015,16.6
10/9/2015,17.45
10/10/2015,17.44
10/11/2015,16.91
10/12/2015,16.48
10/13/2015,16.76
10/14/2015,17.3
10/15/2015,17.39
10/16/2015,17.56
10/17/2015,16.86
10/18/2015,17.28
10/19/2015,17.29
10/20/2015,17.2
10/21/2015,17.22
10/22/2015,17.78
10/23/2015,16.26
10/24/2015,16.52
10/25/2015,16.74
10/26/2015,17.52
10/27/2015,16.5
10/28/2015,17.33
10/29/2015,16.64
10/30/2015,16.3
10/31/2015,16.65
11/1/2015,16.54
11/2/2015,17.04
11/3/2015,16.83
11/4/2015,16.79
11/5/2015,16.85
11/6/2015,16.56
11/7/2015,17.27
11/8/2015,17.02
11/9/2015,17
11/10/2015,16.92
11/11/2015,17.08
11/12/2015,16.84
11/13/2015,16.63
11/14/2015,16.64
11/15/2015,16.52
11/16/2015,16.97
11/17/2015,16.54
11/18/2015,16.81
11/19/2015,17.04
11/20/2015,18.1
11/21/2015,16.97
11/22/2015,16.9
11/23/2015,16.65
11/24/2015,17.21
11/25/2015,17.37
11/26/2015,17.36
11/27/2015,16.5
11/28/2015,16.96
11/29/2015,16.84
11/30/2015,16.75
12/1/2015,16.92
12/2/2015,17.86
12/3/2015,16.46
12/4/2015,17.09
12/5/2015,17.07
12/6/2015,17.42
12/7/2015,17.18
12/8/2015,17.39
12/9/2015,16.46
12/10/2015,16.71
12/11/2015,16.93
12/12/2015,16.82
12/13/2015,16.29
12/14/2015,17.12
12/15/2015,16.91
12/16/2015,17.13
12/17/2015,16.86
12/18/2015,17.06
12/19/2015,16.89
12/20/2015,17.07
12/21/2015,17.14
12/22/2015,16.63
12/23/2015,16.73
12/24/2015,17.04
12/25/2015,16.82
12/26/2015,17.08
12/27/2015,16.96
12/28/2015,16.65
12/29/2015,17.18
12/30/2015,17.03
12/31/2015,16.97
1/1/2016,17.43
1/2/2016,16.74
1/3/2016,16.51
1/4/2016,16.61
1/5/2016,16.47
1/6/2016,16.63
1/7/2016,16.99
1/8/2016,16.28
1/9/2016,16.59
1/10/2016,16.59
1/11/2016,16.51
1/12/2016,17.23
1/13/2016,16.93
1/14/2016,16.66
1/15/2016,16.61
1/16/2016,16.79
1/17/2016,16.76
1/18/2016,16.71
1/19/2016,16.93
1/20/2016,16.72
1/21/2016,16.97
1/22/2016,16.81
1/23/2016,17.12
1/24/2016,16.39
1/25/2016,17.31
1/26/2016,16.37
1/27/2016,16.96
1/28/2016,16.96
1/29/2016,17.27
1/30/2016,17.11
1/31/2016,17.63
2/1/2016,16.96
2/2/2016,17.15
2/3/2016,16.36
2/4/2016,16.8
2/5/2016,16.84
2/6/2016,17.05
2/7/2016,16.69
2/8/2016,16.75
2/9/2016,16.92
2/10/2016,17.26
2/11/2016,17.02
2/12/2016,16.99
2/13/2016,16.82
2/14/2016,17.03
2/15/2016,17.2
2/16/2016,17.02
2/17/2016,17.5
2/18/2016,17.1
2/19/2016,16.91
2/20/2016,16.83
2/21/2016,16.81
2/22/2016,16.68
2/23/2016,17
2/24/2016,16.89
2/25/2016,16.51
2/26/2016,16.76
2/27/2016,16.95
2/28/2016,16.8
2/29/2016,17.47
3/1/2016,16.58
3/2/2016,16.58
3/3/2016,16.71
3/4/2016,16.87
3/5/2016,16.32
3/6/2016,17.17
3/7/2016,16.8
3/8/2016,16.76
3/9/2016,16.81
3/10/2016,16.18
3/11/2016,16.68
3/12/2016,16.75
3/13/2016,16.08
3/14/2016,16.53
3/15/2016,14.09
3/16/2016,14.01
3/17/2016,13.82
3/18/2016,14.08
3/19/2016,13.7
3/20/2016,13.9
3/21/2016,14.01
3/22/2016,13.85
3/23/2016,14.04
3/24/2016,13.71
3/25/2016,13.78
3/26/2016,13.72
3/27/2016,13.85
3/28/2016,14.05
3/29/2016,13.98
3/30/2016,13.86
3/31/2016,13.95
4/1/2016,13.75
4/2/2016,14.12
4/3/2016,13.91
4/4/2016,13.8
4/5/2016,13.94
4/6/2016,14.07
4/7/2016,14.16
4/8/2016,13.81
4/9/2016,14.12
4/10/2016,13.82
4/11/2016,14.14
4/12/2016,13.91
4/13/2016,13.95
4/14/2016,13.91
4/15/2016,13.86
4/16/2016,13.93
4/17/2016,13.91
4/18/2016,13.79
4/19/2016,14
4/20/2016,13.88
4/21/2016,14
4/22/2016,13.94
4/23/2016,13.89
4/24/2016,13.95
4/25/2016,13.7
4/26/2016,14.05
4/27/2016,13.87
4/28/2016,13.88
4/29/2016,13.88
4/30/2016,13.84
5/1/2016,14.09
5/2/2016,13.86
5/3/2016,13.78
5/4/2016,14.04
5/5/2016,13.92
5/6/2016,13.91
5/7/2016,13.97
5/8/2016,13.83
5/9/2016,13.96
5/10/2016,13.85
5/11/2016,14.22
5/12/2016,13.69
5/13/2016,13.65
5/14/2016,13.93
5/15/2016,13.94
5/16/2016,14.03
5/17/2016,13.74
5/18/2016,13.85
5/19/2016,13.96
5/20/2016,13.9
5/21/2016,14.02
5/22/2016,13.8
5/23/2016,13.91
5/24/2016,14
5/25/2016,13.91
5/26/2016,13.89
5/27/2016,13.8
5/28/2016,13.85
5/29/2016,13.91
5/30/2016,13.92
5/31/2016,14.14
6/1/2016,13.88
6/2/2016,13.86
6/3/2016,13.81
6/4/2016,13.85
6/5/2016,13.99
6/6/2016,13.69
6/7/2016,13.95
6/8/2016,13.79
6/9/2016,13.75
6/10/2016,14.21
6/11/2016,13.68
6/12/2016,13.86
6/13/2016,13.85
6/14/2016,13.82
6/15/2016,13.91
6/16/2016,13.97
6/17/2016,14.03
6/18/2016,13.76
6/19/2016,13.43
6/20/2016,14.03
6/21/2016,13.97
6/22/2016,13.65
6/23/2016,14.01
6/24/2016,13.84
6/25/2016,13.98
6/26/2016,13.85
6/27/2016,13.89
6/28/2016,13.8
6/29/2016,14.01
6/30/2016,13.97
7/1/2016,13.71
7/2/2016,13.95
7/3/2016,13.91
7/4/2016,13.85
7/5/2016,14.11
7/6/2016,13.75
7/7/2016,13.93
7/8/2016,14.01
7/9/2016,13.71
7/10/2016,13.92
7/11/2016,13.87
7/12/2016,13.99
7/13/2016,13.85
7/14/2016,13.96
7/15/2016,14.04
7/16/2016,13.78
7/17/2016,13.94
7/18/2016,13.69
7/19/2016,14
7/20/2016,14.05
7/21/2016,13.65
7/22/2016,14.08
7/23/2016,13.84
7/24/2016,14.16
7/25/2016,13.94
7/26/2016,14.42
7/27/2016,13.79
7/28/2016,14.21
7/29/2016,14.45
7/30/2016,14.44
7/31/2016,14.33
8/1/2016,14.49
8/2/2016,14.66
8/3/2016,14.44
8/4/2016,13.95
8/5/2016,14.24
8/6/2016,14.46
8/7/2016,14.22
8/8/2016,14.26
8/9/2016,14.1
8/10/2016,14.27
8/11/2016,14.24
8/12/2016,14.37
8/13/2016,14.32
8/14/2016,14.32
8/15/2016,14.19
8/16/2016,14.27
8/17/2016,14.38
8/18/2016,14.16
8/19/2016,14.37
8/20/2016,14.27
8/21/2016,14.2
8/22/2016,14.22
8/23/2016,14.36
8/24/2016,14.28
8/25/2016,14.18
8/26/2016,14.39
8/27/2016,14.22
8/28/2016,14.32
8/29/2016,14.37
8/30/2016,14.34
8/31/2016,14.22
9/1/2016,14.43
9/2/2016,14.18
9/3/2016,14.53
9/4/2016,14.34
9/5/2016,14.22
9/6/2016,14.42
9/7/2016,14.11
9/8/2016,14.37
9/9/2016,14.23
9/10/2016,14.4
9/11/2016,14.18
9/12/2016,14.25
9/13/2016,14.39
9/14/2016,14.18
9/15/2016,14.32
9/16/2016,14.25
9/17/2016,14.3
9/18/2016,15.43
9/19/2016,13.48
9/20/2016,14.01
9/21/2016,14.25
9/22/2016,15.04
9/23/2016,13.87
9/24/2016,14.71
9/25/2016,13.79
9/26/2016,14.79
9/27/2016,14.27
9/28/2016,14.15
9/29/2016,14.11
9/30/2016,14.37
10/1/2016,14.96
10/2/2016,14.04
10/3/2016,13.85
10/4/2016,14.13
10/5/2016,14.69
10/6/2016,14.44
10/7/2016,14.4
10/8/2016,13.73
10/9/2016,14.17
10/10/2016,14.16
10/11/2016,14.2
10/12/2016,14.48
10/13/2016,13.94
10/14/2016,14.13
10/15/2016,14.25
10/16/2016,14.2
10/17/2016,14.39
10/18/2016,14
10/19/2016,14.74
10/20/2016,13.65
10/21/2016,14.11
10/22/2016,14.24
10/23/2016,14.38
10/24/2016,14.15
10/25/2016,14.26
10/26/2016,14.13
10/27/2016,14.29
10/28/2016,14.49
10/29/2016,15.16
10/30/2016,14.18
10/31/2016,14.12
11/1/2016,14.75
11/2/2016,14.46
11/3/2016,14.46
11/4/2016,14.58
11/5/2016,14.33
11/6/2016,14.17
11/7/2016,13.6
11/8/2016,13.97
11/9/2016,14.49
11/10/2016,14.4
11/11/2016,14.37
11/12/2016,14.12
11/13/2016,13.85
11/14/2016,14.13
11/15/2016,14.33
11/16/2016,14.21
11/17/2016,14.61
11/18/2016,13.67
11/19/2016,13.92
11/20/2016,13.87
11/21/2016,14.12
11/22/2016,14.47
11/23/2016,14.5
11/24/2016,14.44
11/25/2016,14.13
11/26/2016,14.56
11/27/2016,14.53
11/28/2016,14.3
11/29/2016,14.43
11/30/2016,14.26
12/1/2016,14.27
12/2/2016,14.22
12/3/2016,14
12/4/2016,14.4
12/5/2016,14.34
12/6/2016,14.09
12/7/2016,14.17
12/8/2016,14.03
12/9/2016,14.22
12/10/2016,14.16
12/11/2016,14.11
12/12/2016,14.35
12/13/2016,14.17
12/14/2016,14.14
12/15/2016,14.33
12/16/2016,14.15
12/17/2016,14.07
12/18/2016,14.13
12/19/2016,14.27
12/20/2016,14.19
12/21/2016,14.19
12/22/2016,14.42
12/23/2016,14.43
12/24/2016,14.33
12/25/2016,14.07
12/26/2016,14.18
12/27/2016,14.38
12/28/2016,14.19
12/29/2016,14.12
12/30/2016,14.17
12/31/2016,14.34
1/1/2017,14.09
1/2/2017,14.21
1/3/2017,14.28
1/4/2017,13.99
1/5/2017,14.1
1/6/2017,14.32
1/7/2017,14.09
1/8/2017,14.13
1/9/2017,14.16
1/10/2017,14.27
1/11/2017,14.24
1/12/2017,14.21
1/13/2017,14.1
1/14/2017,14.18
1/15/2017,14.14
1/16/2017,14.22
1/17/2017,14.36
1/18/2017,14.18
1/19/2017,14
1/20/2017,14.41
1/21/2017,14.27
1/22/2017,14.18
1/23/2017,14.22
1/24/2017,14.23
1/25/2017,14.31
1/26/2017,14.14
1/27/2017,14.36
1/28/2017,14.21
1/29/2017,14.43
1/30/2017,14.1
1/31/2017,14.29
2/1/2017,14.32
2/2/2017,14.2
2/3/2017,14.38
2/4/2017,14.12
2/5/2017,14.16
2/6/2017,14.21
2/7/2017,14.34
2/8/2017,14.18
2/9/2017,14.25
2/10/2017,14.23
2/11/2017,14.22
2/12/2017,14.21
2/13/2017,14.19
2/14/2017,14.29
2/15/2017,14.14
2/16/2017,14.22
2/17/2017,14.33
2/18/2017,14.34
2/19/2017,14.31
2/20/2017,14.31
2/21/2017,14.2
2/22/2017,14.43
2/23/2017,14.29
2/24/2017,14.34
2/25/2017,14.28
2/26/2017,14.12
2/27/2017,14.37
2/28/2017,14.08
3/1/2017,14.45
3/2/2017,14.2
3/3/2017,14.31
3/4/2017,14.37
3/5/2017,14.18
3/6/2017,14.41
3/7/2017,14.43
3/8/2017,14.29
3/9/2017,14.54
3/10/2017,14.43
3/11/2017,14.35
3/12/2017,14.53
3/13/2017,14.25
3/14/2017,14.43
3/15/2017,14.37
3/16/2017,14.37
3/17/2017,14.22
3/18/2017,14.36
3/19/2017,14.48
3/20/2017,14.15
3/21/2017,14.46
3/22/2017,14.31
3/23/2017,14.55
3/24/2017,14.54
3/25/2017,14.44
3/26/2017,14.37
3/27/2017,14.45
3/28/2017,14.61
3/29/2017,14.36
3/30/2017,14.57
3/31/2017,14.39
4/1/2017,14.51
4/2/2017,14.7
4/3/2017,14.4
4/4/2017,14.49
4/5/2017,14.41
4/6/2017,14.65
4/7/2017,14.47
4/8/2017,14.52
4/9/2017,14.9
4/10/2017,14.97
4/11/2017,14.76
4/12/2017,14.98
4/13/2017,14.88
4/14/2017,14.62
4/15/2017,15.08
4/16/2017,14.85
4/17/2017,14.73
4/18/2017,14.67
4/19/2017,15.06
4/20/2017,14.67
4/21/2017,14.67
4/22/2017,14.87
4/23/2017,14.67
4/24/2017,15.06
4/25/2017,14.57
4/26/2017,15.27
4/27/2017,15.25
4/28/2017,15.12
4/29/2017,15.29
4/30/2017,15.25
5/1/2017,15.32
5/2/2017,15.29
5/3/2017,15.21
5/4/2017,15.25
5/5/2017,15.15
5/6/2017,15.14
5/7/2017,15.07
5/8/2017,15.24
5/9/2017,15.13
5/10/2017,15.19
5/11/2017,15.03
5/12/2017,15.1
5/13/2017,15.39
5/14/2017,15.92
5/15/2017,15.9
5/16/2017,15.67
5/17/2017,16.1
5/18/2017,15.74
5/19/2017,15.83
5/20/2017,15.59
5/21/2017,15.77
5/22/2017,15.71
5/23/2017,15.83
5/24/2017,15.77
5/25/2017,15.71
5/26/2017,15.57
5/27/2017,15.76
5/28/2017,15.7
5/29/2017,15.32
5/30/2017,15.3
5/31/2017,15.87
6/1/2017,16.22
6/2/2017,16.82
6/3/2017,16.51
6/4/2017,16.61
6/5/2017,16.31
6/6/2017,16.44
6/7/2017,16.39
6/8/2017,16.43
6/9/2017,16.42
6/10/2017,16.02
6/11/2017,16.37
6/12/2017,16.31
6/13/2017,16.21
6/14/2017,16.15
6/15/2017,16.11
6/16/2017,16.03
6/17/2017,16.17
6/18/2017,15.97
6/19/2017,16
6/20/2017,17.32
6/21/2017,17.52
6/22/2017,17.31
6/23/2017,17.53
6/24/2017,17.25
6/25/2017,17.32
6/26/2017,17.2
6/27/2017,17.06
6/28/2017,17.24
6/29/2017,16.96
6/30/2017,16.98
7/1/2017,17.05
7/2/2017,16.97
7/3/2017,16.85
7/4/2017,16.81
7/5/2017,17.16
7/6/2017,16.96
7/7/2017,16.78
7/8/2017,16.78
7/9/2017,16.81
7/10/2017,18.59
7/11/2017,18.95
7/12/2017,18.95
7/13/2017,18.88
7/14/2017,19.02
7/15/2017,18.58
7/16/2017,18.71
7/17/2017,19.17
7/18/2017,18.82
7/19/2017,18.43
7/20/2017,18.44
7/21/2017,18.85
7/22/2017,18.45
7/23/2017,18.33
7/24/2017,18.62
7/25/2017,18.24
7/26/2017,18.43
7/27/2017,18.45
7/28/2017,18.45
7/29/2017,18.29
7/30/2017,18.25
7/31/2017,18.87
8/1/2017,20.93
8/2/2017,21.24
8/3/2017,21.55
8/4/2017,21.13
8/5/2017,21.22
8/6/2017,21.29
8/7/2017,20.92
8/8/2017,20.88
8/9/2017,20.85
8/10/2017,21.07
8/11/2017,20.79
8/12/2017,21.01
8/13/2017,20.73
8/14/2017,20.61
8/15/2017,20.73
8/16/2017,20.43
8/17/2017,20.61
8/18/2017,20.68
8/19/2017,20.29
8/20/2017,20.65
8/21/2017,20.31
8/22/2017,20.38
8/23/2017,20.38
8/24/2017,20.51
8/25/2017,24.18
8/26/2017,24.58
8/27/2017,24.43
8/28/2017,25
8/29/2017,24.22
8/30/2017,24.21
8/31/2017,24.64
9/1/2017,24.43
9/2/2017,24.2
9/3/2017,24.24
9/4/2017,24.33
9/5/2017,24.08
9/6/2017,24.44
9/7/2017,24.16
9/8/2017,23.86
9/9/2017,24.01
9/10/2017,24.03
9/11/2017,24.12
9/12/2017,23.83
9/13/2017,24.19
9/14/2017,23.71
9/15/2017,23.56
9/16/2017,23.68
9/17/2017,23.67
9/18/2017,23.99
9/19/2017,23.53
9/20/2017,23.74
9/21/2017,23.53
9/22/2017,28.57
9/23/2017,29.78
9/24/2017,29.19
9/25/2017,30.16
9/26/2017,29.56
9/27/2017,29.54
9/28/2017,30.02
9/29/2017,30.31
9/30/2017,30.27
10/1/2017,30.08
10/2/2017,30.16
10/3/2017,29.9
10/4/2017,29.4
10/5/2017,29.11
10/6/2017,30
10/7/2017,29.94
10/8/2017,29.65
10/9/2017,29.74
10/10/2017,29.38
10/11/2017,29.33
10/12/2017,29.46
10/13/2017,29.6
10/14/2017,29.71
10/15/2017,29.09
10/16/2017,18.71
10/17/2017,14.06
10/18/2017,13.73
10/19/2017,13.71
10/20/2017,13.68
10/21/2017,13.69
10/22/2017,13.59
10/23/2017,13.63
10/24/2017,13.64
10/25/2017,13.78
10/26/2017,13.87
10/27/2017,13.67
10/28/2017,13.69
10/29/2017,13.78
10/30/2017,14.02
10/31/2017,13.58
11/1/2017,13.85
11/2/2017,13.83
11/3/2017,13.68
11/4/2017,13.78
11/5/2017,13.54
11/6/2017,13.77
11/7/2017,13.72
11/8/2017,13.7
11/9/2017,13.79
11/10/2017,13.52
11/11/2017,13.58
11/12/2017,13.83
11/13/2017,13.65
11/14/2017,13.87
11/15/2017,13.69
11/16/2017,13.8
11/17/2017,13.66
11/18/2017,13.71
11/19/2017,13.6
11/20/2017,13.81
11/21/2017,13.8
11/22/2017,13.67
11/23/2017,13.73
11/24/2017,13.68
11/25/2017,13.69
11/26/2017,13.79
11/27/2017,14.02
11/28/2017,13.95
11/29/2017,13.92
11/30/2017,13.83
12/1/2017,13.89
12/2/2017,14.07
12/3/2017,14.08
12/4/2017,14.86
12/5/2017,14.94
12/6/2017,15.36
12/7/2017,14.57
12/8/2017,14.58
12/9/2017,14.51
12/10/2017,14.57
12/11/2017,14.68
12/12/2017,14.73
12/13/2017,14.96
12/14/2017,14.82
12/15/2017,14.52
12/16/2017,14.58
12/17/2017,14.66
12/18/2017,14.67
12/19/2017,15.02
12/20/2017,15.03
12/21/2017,15.07
12/22/2017,14.92
12/23/2017,14.25
12/24/2017,14.14
12/25/2017,14.17
12/26/2017,14.23
12/27/2017,14.2
12/28/2017,14.46
12/29/2017,14.71
12/30/2017,14.66
12/31/2017,14.27
1/1/2018,14.2
1/2/2018,14.74
1/3/2018,15.12
1/4/2018,15.39
1/5/2018,15.56
1/6/2018,15.59
1/7/2018,15.15
1/8/2018,15.42
1/9/2018,15.45
1/10/2018,15.31
1/11/2018,15.47
1/12/2018,15.46
1/13/2018,15.57
1/14/2018,14.78
1/15/2018,15.34
1/16/2018,15.02
1/17/2018,14.96
1/18/2018,14.9
1/19/2018,14.67
1/20/2018,14.38
1/21/2018,14.44
1/22/2018,14.31
1/23/2018,14.37
1/24/2018,14.16
1/25/2018,14.29
1/26/2018,14.24
1/27/2018,14.04
1/28/2018,14.03
1/29/2018,14.31
1/30/2018,14.31
1/31/2018,14.4
2/1/2018,14.59
2/2/2018,14.43
2/3/2018,14.16
2/4/2018,14.16
2/5/2018,14
2/6/2018,14.31
2/7/2018,14.32
2/8/2018,14.03
2/9/2018,14.26
2/10/2018,14.02
2/11/2018,14.26
2/12/2018,14.21
2/13/2018,14.23
2/14/2018,14.45
2/15/2018,14.2
2/16/2018,14.22
2/17/2018,14.05
2/18/2018,14.12
2/19/2018,14.34
2/20/2018,14.42
2/21/2018,14.37
2/22/2018,14.4
2/23/2018,14.25
2/24/2018,14.4
2/25/2018,14.39
2/26/2018,14.54
2/27/2018,14.32
2/28/2018,14.25
3/1/2018,14.37
3/2/2018,14.25
3/3/2018,14.22
3/4/2018,14.33
3/5/2018,14.36
3/6/2018,14.37
3/7/2018,14.26
3/8/2018,14.42
3/9/2018,14.33
3/10/2018,14.3
3/11/2018,14.14
3/12/2018,14.42
3/13/2018,14.43
3/14/2018,14.41
3/15/2018,14.32
3/16/2018,14.24
3/17/2018,14.46
3/18/2018,14.33
3/19/2018,14.23
3/20/2018,14.19
3/21/2018,14.21
3/22/2018,14.02
3/23/2018,14.22
3/24/2018,13.98
3/25/2018,14.12
3/26/2018,14.11
3/27/2018,14.31
3/28/2018,14.17
3/29/2018,14.38
3/30/2018,14.24
3/31/2018,14.01
4/1/2018,14.11
4/2/2018,13.92
4/3/2018,14.12
4/4/2018,14.17
4/5/2018,14.01
4/6/2018,14.01
4/7/2018,14.06
4/8/2018,13.97
4/9/2018,14.21
4/10/2018,13.93
4/11/2018,14.23
4/12/2018,14.39
4/13/2018,14.21
4/14/2018,14.29
4/15/2018,14.18
4/16/2018,14.26
4/17/2018,14.39
4/18/2018,14.55
4/19/2018,14.51
4/20/2018,14.71
4/21/2018,14.37
4/22/2018,14.31
4/23/2018,14.58
4/24/2018,14.76
4/25/2018,14.43
4/26/2018,14.34
4/27/2018,14.79
4/28/2018,14.81
4/29/2018,14.4
4/30/2018,14.71
5/1/2018,14.93
5/2/2018,14.75
5/3/2018,14.82
5/4/2018,14.91
5/5/2018,14.61
5/6/2018,14.57
5/7/2018,14.49
5/8/2018,14.67
5/9/2018,14.65
5/10/2018,14.72
5/11/2018,14.59
5/12/2018,14.61
5/13/2018,14.58
5/14/2018,14.94
5/15/2018,14.69
5/16/2018,14.85
5/17/2018,14.69
5/18/2018,14.97
5/19/2018,14.92
5/20/2018,14.87
5/21/2018,14.76
5/22/2018,14.9
5/23/2018,14.79
5/24/2018,15.14
5/25/2018,14.89
5/26/2018,14.63
5/27/2018,14.97
5/28/2018,14.69
5/29/2018,14.73
5/30/2018,14.91
5/31/2018,14.87
6/1/2018,14.88
6/2/2018,14.79
6/3/2018,14.99
6/4/2018,14.73
6/5/2018,14.93
6/6/2018,14.85
6/7/2018,14.84
6/8/2018,14.8
6/9/2018,14.9
6/10/2018,14.94
6/11/2018,14.89
6/12/2018,14.68
6/13/2018,14.67
6/14/2018,14.67
6/15/2018,14.62
6/16/2018,14.35
6/17/2018,14.3
6/18/2018,14.18
6/19/2018,14.53
6/20/2018,14.42
6/21/2018,14.29
6/22/2018,14.51
6/23/2018,14.24
6/24/2018,14.35
6/25/2018,14.88
6/26/2018,14.59
6/27/2018,14.45
6/28/2018,14.62
6/29/2018,14.62
6/30/2018,14.29
7/1/2018,14.38
7/2/2018,14.17
7/3/2018,14.54
7/4/2018,14.44
7/5/2018,14.5
7/6/2018,14.4
7/7/2018,14.51
7/8/2018,14.75
7/9/2018,14.37
7/10/2018,14.54
7/11/2018,14.21
7/12/2018,14.15
7/13/2018,14.27
7/14/2018,14.13
7/15/2018,13.99
7/16/2018,14.48
7/17/2018,14.33
7/18/2018,14.71
7/19/2018,14.56
7/20/2018,14.58
7/21/2018,14.12
7/22/2018,14.23
7/23/2018,14.49
7/24/2018,14.61
7/25/2018,14.41
7/26/2018,14.51
7/27/2018,14.41
7/28/2018,14.16
7/29/2018,14.15
7/30/2018,14.25
7/31/2018,14.33
8/1/2018,14.49
8/2/2018,14.51
8/3/2018,14.38
8/4/2018,14.2
8/5/2018,14.26
8/6/2018,14.35
8/7/2018,14.45
8/8/2018,14.19
8/9/2018,14.28
8/10/2018,14.33
8/11/2018,14.24
8/12/2018,14.55
8/13/2018,14.45
8/14/2018,14.27
8/15/2018,14.26
8/16/2018,14.27
8/17/2018,14.51
8/18/2018,14.39
8/19/2018,14.27
8/20/2018,14.24
8/21/2018,14.21
8/22/2018,14.34
8/23/2018,14.46
8/24/2018,14.27
8/25/2018,14.36
8/26/2018,14.21
8/27/2018,14.22
8/28/2018,14.31
8/29/2018,14.42
8/30/2018,14.33
8/31/2018,14.24
9/1/2018,14.48
9/2/2018,14.07
9/3/2018,14.44
9/4/2018,14.21
9/5/2018,14.24
9/6/2018,14.04
9/7/2018,14.37
9/8/2018,14.31
9/9/2018,14.41
9/10/2018,14.19
9/11/2018,14.21
9/12/2018,14.05
9/13/2018,14.14
9/14/2018,14.04
9/15/2018,14.03
9/16/2018,13.92
9/17/2018,13.95
9/18/2018,14.2
9/19/2018,13.94
9/20/2018,14.15
9/21/2018,13.96
9/22/2018,14.09
9/23/2018,13.96
9/24/2018,13.99
9/25/2018,13.94
9/26/2018,13.93
9/27/2018,14.03
9/28/2018,13.96
9/29/2018,13.93
9/30/2018,13.89
10/1/2018,13.92
10/2/2018,13.8
10/3/2018,14
10/4/2018,13.86
10/5/2018,13.99
10/6/2018,13.7
10/7/2018,13.66
10/8/2018,13.78
10/9/2018,13.9
10/10/2018,13.83
10/11/2018,13.87
10/12/2018,13.83
10/13/2018,13.83
10/14/2018,13.79
10/15/2018,13.96
10/16/2018,13.93
10/17/2018,13.92
10/18/2018,13.88
10/19/2018,14.02
10/20/2018,13.84
10/21/2018,13.95
10/22/2018,14.07
10/23/2018,13.82
10/24/2018,13.86
10/25/2018,13.91
10/26/2018,13.93
10/27/2018,14.05
10/28/2018,13.85
10/29/2018,13.87
10/30/2018,14.05
10/31/2018,13.86
11/1/2018,13.97
11/2/2018,14
11/3/2018,13.95
11/4/2018,13.92
11/5/2018,14.03
11/6/2018,13.99
11/7/2018,13.9
11/8/2018,14.04
11/9/2018,13.94
11/10/2018,13.96
11/11/2018,13.91
11/12/2018,13.82
11/13/2018,13.93
11/14/2018,14.08
11/15/2018,14.02
11/16/2018,13.79
11/17/2018,13.96
11/18/2018,13.87
11/19/2018,14.15
11/20/2018,14.1
11/21/2018,13.92
11/22/2018,14.12
11/23/2018,13.97
11/24/2018,13.94
11/25/2018,13.91
11/26/2018,14.04
11/27/2018,14.24
11/28/2018,14.19
11/29/2018,13.95
11/30/2018,14.09
12/1/2018,14.13
12/2/2018,14.08
12/3/2018,14.14
12/4/2018,14.27
12/5/2018,14.36
12/6/2018,14.23
12/7/2018,14.29
12/8/2018,14.15
12/9/2018,14.06
12/10/2018,13.81
12/11/2018,14.3
12/12/2018,14.09
12/13/2018,14.09
12/14/2018,14.22
12/15/2018,14.12
12/16/2018,14.29
12/17/2018,14.51
12/18/2018,14.58
12/19/2018,14.61
12/20/2018,14.59
12/21/2018,14.57
12/22/2018,14.41
12/23/2018,14.56
12/24/2018,14.42
12/25/2018,14.32
12/26/2018,14.35
12/27/2018,14.47
12/28/2018,14.55
12/29/2018,14.5
12/30/2018,14.68
12/31/2018,14.59
1/1/2019,14.72
1/2/2019,14.57
1/3/2019,15.48
1/4/2019,15.56
1/5/2019,15.37
1/6/2019,15.47
1/7/2019,15.41
1/8/2019,15.53
1/9/2019,15.4
1/10/2019,15.52
1/11/2019,15.52
1/12/2019,15.59
1/13/2019,15.18
1/14/2019,15.17
1/15/2019,15.23
1/16/2019,15.53
1/17/2019,15.41
1/18/2019,15.28
1/19/2019,15.07
1/20/2019,15.29
1/21/2019,16.82
1/22/2019,16.91
1/23/2019,17.15
1/24/2019,16.83
1/25/2019,16.79
1/26/2019,16.98
1/27/2019,17.05
1/28/2019,17.52
1/29/2019,17.54
1/30/2019,17.3
1/31/2019,17.33
2/1/2019,17.67
2/2/2019,17.41
2/3/2019,17.68
2/4/2019,17.39
2/5/2019,17.54
2/6/2019,17.55
2/7/2019,17.44
2/8/2019,17.43
2/9/2019,17.49
2/10/2019,20
2/11/2019,20.48
2/12/2019,20.12
2/13/2019,20.48
2/14/2019,20.62
2/15/2019,20.68
2/16/2019,20.39
2/17/2019,20.76
2/18/2019,20.47
2/19/2019,19.99
2/20/2019,20.15
2/21/2019,20.22
2/22/2019,20.28
2/23/2019,19.76
2/24/2019,20.12
2/25/2019,20.2
2/26/2019,20.09
2/27/2019,20.04
2/28/2019,19.61
3/1/2019,14.3
3/2/2019,13.35
3/3/2019,13.42
3/4/2019,13.41
3/5/2019,13.34
3/6/2019,13.4
3/7/2019,13.32
3/8/2019,13.41
3/9/2019,13.43
3/10/2019,13.15
3/11/2019,13.38
3/12/2019,13.18
3/13/2019,13.31
3/14/2019,13.24
3/15/2019,13.31
3/16/2019,13.11
3/17/2019,13.34
3/18/2019,13.34
3/19/2019,13.27
3/20/2019,13.15
3/21/2019,13.4
3/22/2019,13.34
3/23/2019,13.26
3/24/2019,13.28
3/25/2019,13.29
3/26/2019,13.42
3/27/2019,13.2
3/28/2019,13.38
3/29/2019,13.38
3/30/2019,13.38
3/31/2019,13.29
4/1/2019,13.23
4/2/2019,13.31
4/3/2019,13.42
4/4/2019,13.29
4/5/2019,13.21
4/6/2019,13.25
4/7/2019,13.13
4/8/2019,13.22
4/9/2019,13.19
4/10/2019,13.18
4/11/2019,13.31
4/12/2019,13.28
4/13/2019,13.08
4/14/2019,13.26
4/15/2019,13.16
4/16/2019,13.21
4/17/2019,13.3
4/18/2019,13.27
4/19/2019,13.19
4/20/2019,13.33
4/21/2019,13.17
4/22/2019,13.23
4/23/2019,13.51
4/24/2019,13.27
4/25/2019,13.14
4/26/2019,13.16
4/27/2019,13.13
4/28/2019,13.23
4/29/2019,13.21
4/30/2019,13.24
5/1/2019,13.12
5/2/2019,13.21
5/3/2019,13.38
5/4/2019,13.01
5/5/2019,13.27
5/6/2019,13.36
5/7/2019,13.29
5/8/2019,13.36
5/9/2019,13.31
5/10/2019,13.15
5/11/2019,13.19
5/12/2019,13.12
5/13/2019,13.22
5/14/2019,13.08
5/15/2019,13.04
5/16/2019,13.37
5/17/2019,13.07
5/18/2019,13.19
5/19/2019,13.24
5/20/2019,13.32
5/21/2019,13.28
5/22/2019,13.21
5/23/2019,13.38
5/24/2019,13.21
5/25/2019,13.04
5/26/2019,13.18
5/27/2019,13.21
5/28/2019,13.31
5/29/2019,12.96
5/30/2019,13.41
5/31/2019,13.09
6/1/2019,13.25
6/2/2019,13.24
6/3/2019,13.33
6/4/2019,13.25
6/5/2019,13.16
6/6/2019,13.1
6/7/2019,13.34
6/8/2019,13.3
6/9/2019,13.3
6/10/2019,13.05
6/11/2019,13.2
6/12/2019,13.27
6/13/2019,13.22
6/14/2019,13.17
6/15/2019,13.31
6/16/2019,13.13
6/17/2019,13.21
6/18/2019,13.28
6/19/2019,13.26
6/20/2019,13.25
6/21/2019,13.32
6/22/2019,13.11
6/23/2019,13.22
6/24/2019,13.1
6/25/2019,13.17
6/26/2019,13.16
6/27/2019,13.26
6/28/2019,13.21
6/29/2019,13.18
6/30/2019,13.18
7/1/2019,13.16
7/2/2019,13.25
7/3/2019,13.2
7/4/2019,13.21
7/5/2019,13.24
7/6/2019,13.04
7/7/2019,13.06
7/8/2019,13.08
7/9/2019,13.03
7/10/2019,13.19
7/11/2019,13.15
7/12/2019,13.38
7/13/2019,13.17
7/14/2019,13
7/15/2019,13.32
7/16/2019,13.37
7/17/2019,13.22
7/18/2019,12.98
7/19/2019,13.29
7/20/2019,13.02
7/21/2019,13.21
7/22/2019,13.07
7/23/2019,13.03
7/24/2019,13.1
7/25/2019,13.3
7/26/2019,13.16
7/27/2019,13.09
7/28/2019,13.14
7/29/2019,13.27
7/30/2019,13.03
7/31/2019,13.22
8/1/2019,13.37
8/2/2019,13.03
8/3/2019,13.08
8/4/2019,13.15
8/5/2019,13.11
8/6/2019,13.14
8/7/2019,13.1
8/8/2019,13.26
8/9/2019,13.17
8/10/2019,13.01
8/11/2019,13.17
8/12/2019,13.01
8/13/2019,13.19
8/14/2019,13.12
8/15/2019,13.23
8/16/2019,13.07
8/17/2019,13.07
8/18/2019,13.18
8/19/2019,13.29
8/20/2019,13.16
8/21/2019,13.09
8/22/2019,13.24
8/23/2019,13.05
8/24/2019,13.41
8/25/2019,12.9
8/26/2019,13.32
8/27/2019,13.19
8/28/2019,13.17
8/29/2019,12.99
8/30/2019,13.09
8/31/2019,13.2
9/1/2019,13.16
9/2/2019,13.14
9/3/2019,13.25
9/4/2019,13.14
9/5/2019,13.1
9/6/2019,13.22
9/7/2019,13.14
9/8/2019,13.22
9/9/2019,13.13
9/10/2019,13.26
9/11/2019,13.13
9/12/2019,13.1
9/13/2019,13.32
9/14/2019,13.12
9/15/2019,13.27
9/16/2019,13.07
9/17/2019,13.2
9/18/2019,13.06
9/19/2019,13.33
9/20/2019,13.06
9/21/2019,13.21
9/22/2019,13.24
9/23/2019,13.15
9/24/2019,13.47
9/25/2019,13.24
9/26/2019,13.21
9/27/2019,13.36
9/28/2019,13.11
9/29/2019,13.19
9/30/2019,13.22
10/1/2019,13.18
10/2/2019,13.32
10/3/2019,13.22
10/4/2019,13.17
10/5/2019,13.11
10/6/2019,13.08
10/7/2019,13.27
10/8/2019,13.35
10/9/2019,13.27
10/10/2019,13.34
10/11/2019,13.3
10/12/2019,13.37
10/13/2019,13.32
10/14/2019,13.23
10/15/2019,13.07
10/16/2019,13.33
10/17/2019,13.39
10/18/2019,13.34
10/19/2019,13.31
10/20/2019,13.27
10/21/2019,13.42
10/22/2019,13.25
10/23/2019,13.27
10/24/2019,13.52
10/25/2019,13.8
10/26/2019,13.5
10/27/2019,13.71
10/28/2019,13.55
10/29/2019,13.63
10/30/2019,13.55
10/31/2019,13.6
11/1/2019,13.48
11/2/2019,13.69
11/3/2019,13.48
11/4/2019,13.67
11/5/2019,13.59
11/6/2019,13.64
11/7/2019,13.67
11/8/2019,13.69
11/9/2019,13.8
11/10/2019,14.1
11/11/2019,14.15
11/12/2019,14.09
11/13/2019,14.05
11/14/2019,14.06
11/15/2019,14.1
11/16/2019,14.12
11/17/2019,14.07
11/18/2019,14.19
11/19/2019,14.39
11/20/2019,14.17
11/21/2019,13.96
11/22/2019,14.27
11/23/2019,14.06
11/24/2019,14.12
11/25/2019,14.36
11/26/2019,14.98
11/27/2019,15.02
11/28/2019,15.09
11/29/2019,15.19
11/30/2019,14.88
12/1/2019,15.22
12/2/2019,14.98
12/3/2019,15.1
12/4/2019,15.25
12/5/2019,15.17
12/6/2019,15.18
12/7/2019,15.08
12/8/2019,15.15
12/9/2019,15.13
12/10/2019,14.93
12/11/2019,15.25
12/12/2019,14.95
12/13/2019,15.53
12/14/2019,16.67
12/15/2019,16.62
12/16/2019,16.75
12/17/2019,16.82
12/18/2019,17.04
12/19/2019,16.93
12/20/2019,17.08
12/21/2019,16.82
12/22/2019,17.15
12/23/2019,17.08
12/24/2019,16.9
12/25/2019,17.04
12/26/2019,17.07
12/27/2019,16.98
12/28/2019,16.82
12/29/2019,17
12/30/2019,16.96
12/31/2019,17.08
1/1/2020,17.16
1/2/2020,14.96
1/3/2020,13.04
1/4/2020,12.96
1/5/2020,13.15
1/6/2020,12.89
1/7/2020,13.02
1/8/2020,13.03
1/9/2020,13.03
1/10/2020,13
1/11/2020,13.05
1/12/2020,13.11
1/13/2020,13.02
1/14/2020,13.05
1/15/2020,13.08
1/16/2020,13
1/17/2020,13
1/18/2020,13.07
1/19/2020,12.95
1/20/2020,13.06
1/21/2020,13
1/22/2020,13.12
1/23/2020,12.95
1/24/2020,13.03
1/25/2020,13.14
1/26/2020,13.13
1/27/2020,13.04
1/28/2020,13.04
1/29/2020,13.02
1/30/2020,13.2
1/31/2020,13.09
2/1/2020,13.12
2/2/2020,13.05
2/3/2020,13.01
2/4/2020,12.99
2/5/2020,13.18
2/6/2020,13.01
2/7/2020,13.07
2/8/2020,13.11
2/9/2020,13.12
2/10/2020,12.98
2/11/2020,13.04
2/12/2020,13.16
2/13/2020,13.11
2/14/2020,13.07
2/15/2020,13.14
2/16/2020,12.99
2/17/2020,13.16
2/18/2020,13.07
2/19/2020,12.96
2/20/2020,13.15
2/21/2020,13.11
2/22/2020,13.11
2/23/2020,13.05
2/24/2020,13.11
2/25/2020,13.24
2/26/2020,13.01
2/27/2020,13.09
2/28/2020,13.1
2/29/2020,13.07
3/1/2020,13.1
3/2/2020,13.05
3/3/2020,13.09
3/4/2020,13.01
3/5/2020,13.31
3/6/2020,12.99
3/7/2020,13.01
3/8/2020,13
3/9/2020,13.22
3/10/2020,13.09
3/11/2020,13.04
3/12/2020,13.13
3/13/2020,13.31
3/14/2020,13.09
3/15/2020,13.05
3/16/2020,13.11
3/17/2020,13.06
3/18/2020,13.02
3/19/2020,13.1
3/20/2020,13.23
3/21/2020,13.13
3/22/2020,13.52
3/23/2020,13.09
3/24/2020,13.36
3/25/2020,13.31
3/26/2020,13.15
3/27/2020,12.99
3/28/2020,13.05
3/29/2020,12.95
3/30/2020,13.18
3/31/2020,13.13
4/1/2020,12.92
4/2/2020,13.13
4/3/2020,13.05
4/4/2020,13.13
4/5/2020,13.07
4/6/2020,13.22
4/7/2020,12.95
4/8/2020,13.06
4/9/2020,13.16
4/10/2020,13.05
4/11/2020,13.26
4/12/2020,12.96
4/13/2020,13.06
4/14/2020,13.11
4/15/2020,13.1
4/16/2020,13.13
4/17/2020,13.22
4/18/2020,13.2
4/19/2020,13.08
4/20/2020,13.08
4/21/2020,13.19
4/22/2020,13.02
4/23/2020,13.16
4/24/2020,13.13
4/25/2020,13.25
4/26/2020,13.16
4/27/2020,13.18
4/28/2020,13.27
4/29/2020,13.05
4/30/2020,13.31
5/1/2020,13.12
5/2/2020,13.15
5/3/2020,13.23
5/4/2020,13.02
5/5/2020,13.07
5/6/2020,13.25
5/7/2020,13.14
5/8/2020,13.07
5/9/2020,13.26
5/10/2020,13.1
5/11/2020,13.21
5/12/2020,13.28
5/13/2020,13.12
5/14/2020,13.13
5/15/2020,13.21
5/16/2020,13.28
5/17/2020,13.13
5/18/2020,13.26
5/19/2020,13.33
5/20/2020,13.16
5/21/2020,13.12
5/22/2020,13.32
5/23/2020,13.03
5/24/2020,13.28
5/25/2020,13.31
5/26/2020,13.07
5/27/2020,13.22
5/28/2020,13.23
5/29/2020,13.22
5/30/2020,13.18
5/31/2020,13.08
6/1/2020,13.24
6/2/2020,13.12
6/3/2020,13.28
6/4/2020,13.21
6/5/2020,13.06
6/6/2020,13.2
6/7/2020,13.1
6/8/2020,13.26
6/9/2020,13.11
6/10/2020,13.35
6/11/2020,13.14
6/12/2020,13.04
6/13/2020,13.19
6/14/2020,13.03
6/15/2020,13.14
6/16/2020,13.2
6/17/2020,13.21
6/18/2020,13.18
6/19/2020,13.05
6/20/2020,13.14
6/21/2020,13.09
6/22/2020,13.19
6/23/2020,13.18
6/24/2020,13.08
6/25/2020,13.23
6/26/2020,13.23
6/27/2020,13.35
6/28/2020,13.04
6/29/2020,13.27
6/30/2020,13.13
7/1/2020,13.29
7/2/2020,13.22
7/3/2020,13.12
7/4/2020,13.19
7/5/2020,13.14
7/6/2020,13.13
7/7/2020,13.11
7/8/2020,13.06
7/9/2020,13.16
7/10/2020,13.26
7/11/2020,13.08
7/12/2020,13.13
7/13/2020,13.1
7/14/2020,13.24
7/15/2020,13.16
7/16/2020,13.27
7/17/2020,13.18
7/18/2020,13.05
7/19/2020,13.2
7/20/2020,13.23
7/21/2020,13.27
7/22/2020,13.16
7/23/2020,12.98
7/24/2020,13.03
7/25/2020,13.37
7/26/2020,13.05
7/27/2020,13.15
7/28/2020,13.06
7/29/2020,13.07
7/30/2020,13.27
7/31/2020,13.02
8/1/2020,13.06
8/2/2020,13.07
8/3/2020,13.09
8/4/2020,13.16
8/5/2020,13.16
8/6/2020,13.02
8/7/2020,13.03
8/8/2020,13.17
8/9/2020,13.04
8/10/2020,13.06
8/11/2020,13.06
8/12/2020,12.97
8/13/2020,13.12
8/14/2020,13.06
8/15/2020,13.08
8/16/2020,13.05
8/17/2020,13.26
8/18/2020,12.9
8/19/2020,13.01
8/20/2020,12.96
8/21/2020,13.04
8/22/2020,13.15
8/23/2020,12.92
8/24/2020,13
8/25/2020,13.2
8/26/2020,12.92
8/27/2020,13.07
8/28/2020,13.01
8/29/2020,13.04
8/30/2020,12.96
8/31/2020,12.89
9/1/2020,13
9/2/2020,13.06
9/3/2020,13.04
9/4/2020,12.83
9/5/2020,12.99
9/6/2020,12.83
9/7/2020,13.14
9/8/2020,12.99
9/9/2020,13.06
9/10/2020,13
9/11/2020,12.9
9/12/2020,13.09
9/13/2020,12.99
9/14/2020,13.14
9/15/2020,13.05
9/16/2020,13.15
9/17/2020,12.87
9/18/2020,13.18
9/19/2020,13.01
9/20/2020,12.87
9/21/2020,12.92
9/22/2020,13.16
9/23/2020,13.04
9/24/2020,13.06
9/25/2020,13.26
9/26/2020,13.27
9/27/2020,13.42
9/28/2020,13.35
9/29/2020,13.35
9/30/2020,13.34
10/1/2020,13.34
10/2/2020,13.36
10/3/2020,13.37
10/4/2020,13.43
10/5/2020,13.24
10/6/2020,13.2
10/7/2020,13.5
10/8/2020,13.54
10/9/2020,13.41
10/10/2020,13.13
10/11/2020,12.97
10/12/2020,13.17
10/13/2020,12.9
10/14/2020,13.05
10/15/2020,12.91
10/16/2020,13.09
10/17/2020,13.05
10/18/2020,13.25
10/19/2020,12.89
10/20/2020,13.1
10/21/2020,13.12
10/22/2020,13.03
10/23/2020,13.2
10/24/2020,12.96
10/25/2020,13.19
10/26/2020,13.14
10/27/2020,13.07
10/28/2020,12.95
10/29/2020,13.02
10/30/2020,13.09
10/31/2020,13.09
11/1/2020,13.1
11/2/2020,13.21
11/3/2020,13.05
11/4/2020,13.09
11/5/2020,13.09
11/6/2020,13.04
11/7/2020,13.15
11/8/2020,13.04
11/9/2020,13.1
11/10/2020,13.16
11/11/2020,13.08
11/12/2020,13.09
11/13/2020,13
11/14/2020,13
11/15/2020,13.05
11/16/2020,13.15
11/17/2020,13.05
11/18/2020,13.23
11/19/2020,12.87
11/20/2020,13.19
11/21/2020,12.94
11/22/2020,13.02
11/23/2020,13.16
11/24/2020,12.95
11/25/2020,13.16
11/26/2020,13.07
11/27/2020,13.34
11/28/2020,12.89
11/29/2020,13.11
11/30/2020,12.92
12/1/2020,13.08
12/2/2020,13.22
12/3/2020,12.99
12/4/2020,13.22
12/5/2020,13.15
12/6/2020,13
12/7/2020,13.16
12/8/2020,13.11
12/9/2020,12.92
12/10/2020,13.26
12/11/2020,13.14
12/12/2020,13.08
12/13/2020,13.18
12/14/2020,13.04
12/15/2020,13.13
12/16/2020,13.02
12/17/2020,13.05
12/18/2020,13.13
12/19/2020,13.07
12/20/2020,12.99
12/21/2020,13.11
12/22/2020,13.13
12/23/2020,12.95
12/24/2020,13.15
12/25/2020,13.18
12/26/2020,12.9
12/27/2020,13.11
12/28/2020,12.9
12/29/2020,13.3
12/30/2020,13.01
12/31/2020,13.08
1/1/2021,13.06
1/2/2021,12.94
1/3/2021,13.15
1/4/2021,13.08
1/5/2021,12.97
1/6/2021,13.17
1/7/2021,13.22
1/8/2021,12.96
1/9/2021,13.2
1/10/2021,13.01
1/11/2021,13.03
1/12/2021,12.99
1/13/2021,12.99
1/14/2021,13.33
1/15/2021,12.89
1/16/2021,13.09
1/17/2021,13.09
1/18/2021,13.03
1/19/2021,13.06
1/20/2021,12.99
1/21/2021,13.16
1/22/2021,13.12
1/23/2021,13
1/24/2021,13.11
1/25/2021,13.03
1/26/2021,13.09
1/27/2021,13.19
1/28/2021,13.12
1/29/2021,13.25
1/30/2021,13.36
1/31/2021,12.87
2/1/2021,13.13
2/2/2021,13.17
2/3/2021,13.07
2/4/2021,13.02
2/5/2021,13.19
2/6/2021,13.12
2/7/2021,12.99
2/8/2021,13.15
2/9/2021,13.11
2/10/2021,13.03
2/11/2021,13.06
2/12/2021,13.03
2/13/2021,13.22
2/14/2021,13
2/15/2021,13.1
2/16/2021,13.18
2/17/2021,13.05
2/18/2021,13.2
2/19/2021,12.94
2/20/2021,13.15
2/21/2021,13.15
2/22/2021,13.12
2/23/2021,13.11
2/24/2021,13.19
2/25/2021,13.13
2/26/2021,13.07
2/27/2021,13.18
2/28/2021,13.23
3/1/2021,13.19
3/2/2021,13.01
3/3/2021,13.32
3/4/2021,13.12
3/5/2021,13.11
3/6/2021,13.01
3/7/2021,13.21
3/8/2021,13.18
3/9/2021,13.27
3/10/2021,13.07
3/11/2021,13.32
3/12/2021,13.21
3/13/2021,13.13
3/14/2021,13.13
3/15/2021,13.26
3/16/2021,13.11
3/17/2021,13.18
3/18/2021,13.15
3/19/2021,13.15
3/20/2021,13.12
3/21/2021,13.28
3/22/2021,13.14
3/23/2021,13.12
3/24/2021,13.17
3/25/2021,13.14
3/26/2021,13.09
3/27/2021,13.14
3/28/2021,13.14
3/29/2021,13.14
3/30/2021,13.13
3/31/2021,13.2
4/1/2021,13.1
4/2/2021,13.27
4/3/2021,13.14
4/4/2021,13.05
4/5/2021,13.16
4/6/2021,13.18
4/7/2021,13.12
4/8/2021,13.26
4/9/2021,13.25
4/10/2021,13.01
4/11/2021,13.11
4/12/2021,13.14
4/13/2021,13.14
4/14/2021,13.26
4/15/2021,13.2
4/16/2021,13.25
4/17/2021,13.18
4/18/2021,13.1
4/19/2021,13.31
4/20/2021,12.94
4/21/2021,13.08
4/22/2021,13.26
4/23/2021,13.22
4/24/2021,13.11
4/25/2021,13.1
4/26/2021,13.17
4/27/2021,13.13
4/28/2021,13.16
4/29/2021,13.16
4/30/2021,13.21
5/1/2021,13.1
5/2/2021,13.2
5/3/2021,13.1
5/4/2021,13.11
5/5/2021,13.11
5/6/2021,13.14
5/7/2021,13.2
5/8/2021,13.09
5/9/2021,13.2
5/10/2021,13.05
5/11/2021,13.16
5/12/2021,13.25
5/13/2021,13.01
5/14/2021,13.12
5/15/2021,13.14
5/16/2021,13.15
5/17/2021,13.18
5/18/2021,13.13
5/19/2021,13.2
5/20/2021,13.16
5/21/2021,13.23
5/22/2021,13.17
5/23/2021,13.16
5/24/2021,13.13
5/25/2021,13.28
5/26/2021,13.25
5/27/2021,13.21
5/28/2021,13.13
5/29/2021,13.17
5/30/2021,13.25
5/31/2021,13.25
6/1/2021,13.14
6/2/2021,13.08
6/3/2021,13.25
6/4/2021,13.02
6/5/2021,13.24
6/6/2021,12.98
6/7/2021,13.22
6/8/2021,13.15
6/9/2021,13.19
6/10/2021,13.21
6/11/2021,13.23
6/12/2021,13.21
6/13/2021,13.13
6/14/2021,13.22
6/15/2021,13.1
6/16/2021,13.28
6/17/2021,13.1
6/18/2021,13.33
6/19/2021,13.23
6/20/2021,13.17
6/21/2021,13.43
6/22/2021,13.22
6/23/2021,13.18
6/24/2021,13.28
6/25/2021,13.45
6/26/2021,13.23
6/27/2021,13.21
6/28/2021,13.13
6/29/2021,13.29
6/30/2021,13.16
7/1/2021,13.4
7/2/2021,13.2
7/3/2021,13.29
7/4/2021,13.12
7/5/2021,13.26
7/6/2021,13.1
7/7/2021,13.27
7/8/2021,13.17
7/9/2021,13.26
7/10/2021,13.21
7/11/2021,13.27
7/12/2021,13.32
7/13/2021,13.52
7/14/2021,13.29
7/15/2021,13.24
7/16/2021,13.44
7/17/2021,13.42
7/18/2021,13.37
7/19/2021,13.23
7/20/2021,13.4
7/21/2021,13.24
7/22/2021,13.3
7/23/2021,13.36
7/24/2021,13.17
7/25/2021,13.34
7/26/2021,13.42
7/27/2021,13.56
7/28/2021,13.56
7/29/2021,13.41
7/30/2021,13.56
7/31/2021,13.5
8/1/2021,13.44
8/2/2021,13.32
8/3/2021,13.42
8/4/2021,13.49
8/5/2021,13.48
8/6/2021,13.25
8/7/2021,13.04
8/8/2021,13.11
8/9/2021,13.13
8/10/2021,13.11
8/11/2021,13.32
8/12/2021,13.11
8/13/2021,13.23
8/14/2021,13.17
8/15/2021,13.32
8/16/2021,13.12
8/17/2021,13.1
8/18/2021,13.32
8/19/2021,13
8/20/2021,13.22
8/21/2021,13.31
8/22/2021,13.09
8/23/2021,13.31
8/24/2021,13.1
8/25/2021,13.23
8/26/2021,13.19
8/27/2021,13.21
8/28/2021,13.24
8/29/2021,13.18
8/30/2021,13.17
8/31/2021,13.15
9/1/2021,13.19
9/2/2021,13
9/3/2021,13.17
9/4/2021,13.23
9/5/2021,13.09
9/6/2021,13.21
9/7/2021,13.25
9/8/2021,13.16
9/9/2021,13.16
9/10/2021,13.2
9/11/2021,13.34
9/12/2021,13.04
9/13/2021,13.28
9/14/2021,13.17
9/15/2021,13.23
9/16/2021,13.1
9/17/2021,13.18
9/18/2021,13.2
9/19/2021,13.1
9/20/2021,13.2
9/21/2021,13.12
9/22/2021,13.27
9/23/2021,13.29
9/24/2021,13.21
9/25/2021,12.97
9/26/2021,13.31
9/27/2021,13.23
9/28/2021,13.43
9/29/2021,13.23
9/30/2021,13.47
10/1/2021,13.14
10/2/2021,13.36
10/3/2021,13.4
10/4/2021,13.4
10/5/2021,13.29
10/6/2021,13.25
10/7/2021,13.46
10/8/2021,13.27
10/9/2021,13.43
10/10/2021,13.4
10/11/2021,13.39
10/12/2021,13.43
10/13/2021,13.52
10/14/2021,13.49
10/15/2021,13.46
10/16/2021,13.22
10/17/2021,13.3
10/18/2021,13.49
10/19/2021,13.3
10/20/2021,13.43
10/21/2021,13.13
10/22/2021,13.28
10/23/2021,13.43
10/24/2021,13.39
10/25/2021,13.31
10/26/2021,13.33
10/27/2021,13.48
10/28/2021,13.34
10/29/2021,13.37
10/30/2021,13.42
10/31/2021,13.46
11/1/2021,13.3
11/2/2021,13.52
11/3/2021,13.36
11/4/2021,13.61
11/5/2021,13.23
11/6/2021,13.44
11/7/2021,13.22
11/8/2021,13.46
11/9/2021,13.42
11/10/2021,13.32
11/11/2021,13.37
11/12/2021,13.31
11/13/2021,13.48
11/14/2021,13.48
11/15/2021,13.51
11/16/2021,13.61
11/17/2021,13.3
11/18/2021,13.39
11/19/2021,13.71
11/20/2021,13.54
11/21/2021,13.59
11/22/2021,13.41
11/23/2021,13.43
11/24/2021,13.56
11/25/2021,13.53
11/26/2021,13.68
11/27/2021,13.35
11/28/2021,13.57
11/29/2021,13.7
11/30/2021,13.63
12/1/2021,13.71
12/2/2021,13.61
12/3/2021,13.57
12/4/2021,13.8
12/5/2021,13.68
12/6/2021,13.61
12/7/2021,13.62
12/8/2021,13.66
12/9/2021,13.54
12/10/2021,13.26
12/11/2021,13.14
12/12/2021,13.12
12/13/2021,13.17
12/14/2021,13.29
12/15/2021,13.18
12/16/2021,13.32
12/17/2021,13.18
12/18/2021,13.12
12/19/2021,13.27
12/20/2021,13.01
12/21/2021,13.24
12/22/2021,13.28
12/23/2021,13.31
12/24/2021,13.16
12/25/2021,13.21
12/26/2021,13.2
12/27/2021,13.17
12/28/2021,13.24
12/29/2021,13.09
12/30/2021,13.28
12/31/2021,13.36
1/1/2022,13.13
1/2/2022,13.11
1/3/2022,13.17
1/4/2022,13.14
1/5/2022,13.23
1/6/2022,13.35
1/7/2022,13.24
1/8/2022,13.05
1/9/2022,13.16
1/10/2022,13.29
1/11/2022,13.04
1/12/2022,13.16
1/13/2022,13.19
1/14/2022,13.19
1/15/2022,13.1
1/16/2022,13.11
1/17/2022,13.2
1/18/2022,13.17
1/19/2022,13.14
1/20/2022,13.18
1/21/2022,13.33
1/22/2022,12.9
1/23/2022,13.24
1/24/2022,13.15
1/25/2022,13.24
1/26/2022,13.21
1/27/2022,13.13
1/28/2022,13.18
1/29/2022,13.21
1/30/2022,13.07
1/31/2022,13.16
2/1/2022,13.11
2/2/2022,13.22
2/3/2022,13.24
2/4/2022,12.98
2/5/2022,13.32
2/6/2022,13.03
2/7/2022,13.18
2/8/2022,13.24
2/9/2022,13.18
2/10/2022,13.23
2/11/2022,13.04
2/12/2022,13.22
2/13/2022,13.26
2/14/2022,13.22
2/15/2022,13.11
2/16/2022,13.35
2/17/2022,13.18
2/18/2022,13.26
2/19/2022,13.36
2/20/2022,13.09
2/21/2022,13.3
2/22/2022,13.19
2/23/2022,13.15
2/24/2022,13.12
2/25/2022,13.28
2/26/2022,13.14
2/27/2022,13.15
2/28/2022,13.29
3/1/2022,13.12
3/2/2022,13.31
3/3/2022,13.24
3/4/2022,13.14
3/5/2022,13.35
3/6/2022,13.25
3/7/2022,13.19
3/8/2022,13.33
3/9/2022,13.08
3/10/2022,13.12
3/11/2022,13.38
3/12/2022,13.05
3/13/2022,13.41
3/14/2022,13.1
3/15/2022,13.25
3/16/2022,13.27
3/17/2022,13.24
3/18/2022,13.19
3/19/2022,13.17
3/20/2022,13.19
3/21/2022,13.22
3/22/2022,13.17
3/23/2022,13.16
3/24/2022,13.19
3/25/2022,13.19
3/26/2022,13.23
3/27/2022,13.25
3/28/2022,13.11
3/29/2022,13.16
3/30/2022,13.32
3/31/2022,13.28
4/1/2022,13.19
4/2/2022,13.39
4/3/2022,13.21
4/4/2022,13.39
4/5/2022,13.15
4/6/2022,13.2
4/7/2022,13.22
4/8/2022,13.39
4/9/2022,13.19
4/10/2022,13.26
4/11/2022,13.17
4/12/2022,13.21
4/13/2022,13.44
4/14/2022,13.22
4/15/2022,13.24
4/16/2022,13.31
4/17/2022,13.16
4/18/2022,13.38
4/19/2022,13.27
4/20/2022,13.22
4/21/2022,13.45
4/22/2022,13.23
4/23/2022,13.33
4/24/2022,13.3
4/25/2022,13.35
4/26/2022,13.39
4/27/2022,13.3
4/28/2022,13.34
4/29/2022,13.25
4/30/2022,13.34
5/1/2022,13.31
5/2/2022,13.33
5/3/2022,13.38
5/4/2022,13.56
5/5/2022,13.5
5/6/2022,13.44
5/7/2022,13.44
5/8/2022,13.31
5/9/2022,13.66
5/10/2022,13.59
5/11/2022,13.39
5/12/2022,13.62
5/13/2022,13.32
5/14/2022,13.61
5/15/2022,13.47
5/16/2022,13.48
5/17/2022,13.51
5/18/2022,13.54
5/19/2022,13.89
5/20/2022,13.77
5/21/2022,13.85
5/22/2022,13.92
5/23/2022,13.69
5/24/2022,13.97
5/25/2022,13.78
5/26/2022,13.96
5/27/2022,13.64
5/28/2022,13.82
5/29/2022,13.8
5/30/2022,13.9
5/31/2022,13.8
6/1/2022,13.91
6/2/2022,13.75
6/3/2022,13.81
6/4/2022,14.45
6/5/2022,14.29
6/6/2022,14.64
6/7/2022,14.3
6/8/2022,14.45
6/9/2022,14.68
6/10/2022,14.42
6/11/2022,14.52
6/12/2022,14.55
6/13/2022,14.53
6/14/2022,14.75
6/15/2022,14.73
6/16/2022,14.54
6/17/2022,14.48
6/18/2022,14.58
6/19/2022,14.78
6/20/2022,14.47
6/21/2022,15.55
6/22/2022,15.83
6/23/2022,16.02
6/24/2022,15.84
6/25/2022,15.85
6/26/2022,15.98
6/27/2022,15.7
6/28/2022,16
6/29/2022,15.92
6/30/2022,15.01
7/1/2022,13.07
7/2/2022,13.06
7/3/2022,12.95
7/4/2022,13.17
7/5/2022,13.13
7/6/2022,13.04
7/7/2022,13.23
7/8/2022,12.95
7/9/2022,13.25
7/10/2022,13.06
7/11/2022,13.07
7/12/2022,12.99
7/13/2022,13.21
7/14/2022,12.98
7/15/2022,13.15
7/16/2022,13.08
7/17/2022,13.17
7/18/2022,13.07
7/19/2022,13.09
7/20/2022,13.07
7/21/2022,13.05
7/22/2022,13.06
7/23/2022,13.1
7/24/2022,13.18
7/25/2022,13.26
7/26/2022,13.24
7/27/2022,13.17
7/28/2022,13.19
7/29/2022,13.18
7/30/2022,13.24
7/31/2022,13.22
8/1/2022,13.16
8/2/2022,13.15
8/3/2022,13.29
8/4/2022,13.27
8/5/2022,13.07
8/6/2022,13.32
8/7/2022,13.16
8/8/2022,13.27
8/9/2022,13.36
8/10/2022,13.34
8/11/2022,13.46
8/12/2022,13.4
8/13/2022,13.36
8/14/2022,13.43
8/15/2022,13.56
8/16/2022,13.35
8/17/2022,13.55
8/18/2022,13.4
8/19/2022,13.57
8/20/2022,13.33
8/21/2022,13.32
8/22/2022,13.59
8/23/2022,13.33
8/24/2022,13.6
8/25/2022,13.61
8/26/2022,13.62
8/27/2022,13.62
8/28/2022,13.63
8/29/2022,13.45
8/30/2022,13.71
8/31/2022,13.57
9/1/2022,13.61
9/2/2022,13.47
9/3/2022,13.67
9/4/2022,13.53
9/5/2022,13.79
9/6/2022,13.6
9/7/2022,13.66
9/8/2022,13.58
9/9/2022,14
9/10/2022,14.07
9/11/2022,13.99
9/12/2022,14
9/13/2022,14.02
9/14/2022,14.4
9/15/2022,12.77
9/16/2022,12.18
9/17/2022,12.12
9/18/2022,12.12
9/19/2022,12.13
9/20/2022,12.1
9/21/2022,12.25
9/22/2022,12.08
9/23/2022,12.06
9/24/2022,12.05
9/25/2022,12.05
9/26/2022,12.09
9/27/2022,12.1
9/28/2022,12.06
9/29/2022,12.08
9/30/2022,12.06
10/1/2022,12.11
10/2/2022,12.04
10/3/2022,12.07
10/4/2022,12.11
10/5/2022,12.09
10/6/2022,12.07
10/7/2022,12.09
10/8/2022,12.05
10/9/2022,12.06
10/10/2022,12.06
10/11/2022,12.06
10/12/2022,12.06
10/13/2022,12.07
10/14/2022,12.06
10/15/2022,12.06
10/16/2022,12.07
10/17/2022,12.08
10/18/2022,12.05
10/19/2022,12.08
10/20/2022,12.06
10/21/2022,12.06
10/22/2022,12.06
10/23/2022,12.06
10/24/2022,12.13
10/25/2022,12.08
10/26/2022,12.06
10/27/2022,12.06
10/28/2022,12.08
10/29/2022,12.08
10/30/2022,12.05
10/31/2022,12.07
11/1/2022,12.1
11/2/2022,12.08
11/3/2022,12.08
11/4/2022,12.05
11/5/2022,12.07
11/6/2022,12.05
11/7/2022,12.05
11/8/2022,12.06
11/9/2022,12.09
11/10/2022,12.07
11/11/2022,12.08
11/12/2022,12.05
11/13/2022,12.05
11/14/2022,12.06
11/15/2022,12.08
11/16/2022,12.08
11/17/2022,12.07
11/18/2022,12.07
11/19/2022,12.06
11/20/2022,12.06
11/21/2022,12.06
11/22/2022,12.08
11/23/2022,12.11
11/24/2022,12.06
11/25/2022,12.07
11/26/2022,12.07
11/27/2022,12.07
11/28/2022,12.04
11/29/2022,12.08
11/30/2022,12.08
12/1/2022,12.06
12/2/2022,12.06
12/3/2022,12.06
12/4/2022,12.08
12/5/2022,12.09
12/6/2022,12.05
12/7/2022,12.21
12/8/2022,12.06
12/9/2022,12.08
12/10/2022,12.06
12/11/2022,12.07
12/12/2022,12.07
12/13/2022,12.08
12/14/2022,12.06
12/15/2022,12.07
12/16/2022,12.07
12/17/2022,12.06
12/18/2022,12.06
12/19/2022,12.06
12/20/2022,12.05
12/21/2022,12.06
12/22/2022,12.04
12/23/2022,12.03
12/24/2022,12.06
12/25/2022,12.05
12/26/2022,12.06
12/27/2022,12.07
12/28/2022,12.05
12/29/2022,12.07
12/30/2022,12.05
12/31/2022,12.06
1/1/2023,12.05
1/2/2023,12.05
1/3/2023,12.05
1/4/2023,12.05
1/5/2023,12.08
1/6/2023,12.07
1/7/2023,12.06
1/8/2023,12.06
1/9/2023,12.06
1/10/2023,12.06
1/11/2023,12.08
1/12/2023,12.07
1/13/2023,12.06
1/14/2023,12.04
1/15/2023,12.08
1/16/2023,12.06
1/17/2023,12.04
1/18/2023,12.05
1/19/2023,12.06
1/20/2023,12.05
1/21/2023,12.06
1/22/2023,12.06
1/23/2023,12.05
1/24/2023,12.05
1/25/2023,12.07
1/26/2023,12.05
1/27/2023,12.07
1/28/2023,12.05
1/29/2023,12.06
1/30/2023,12.05
1/31/2023,12.06
2/1/2023,12.06
2/2/2023,12.1
2/3/2023,12.07
2/4/2023,12.06
2/5/2023,12.05
2/6/2023,12.05
2/7/2023,12.07
2/8/2023,12.1
2/9/2023,12.07
2/10/2023,12.04
2/11/2023,12.06
2/12/2023,12.06
2/13/2023,12.06
2/14/2023,12.08
2/15/2023,12.07
2/16/2023,12.06
2/17/2023,12.16
2/18/2023,12.13
2/19/2023,12.13
2/20/2023,12.11
2/21/2023,12.13
2/22/2023,12.15
2/23/2023,12.12
2/24/2023,12.18
2/25/2023,12.14
2/26/2023,12.13
2/27/2023,12.11
2/28/2023,12.14
3/1/2023,12.13
3/2/2023,12.15
3/3/2023,12.17
3/4/2023,12.14
3/5/2023,12.13
3/6/2023,12.15
3/7/2023,12.13
3/8/2023,12.14
3/9/2023,12.14
3/10/2023,12.19
3/11/2023,12.13
3/12/2023,12.14
3/13/2023,12.12
3/14/2023,12.12
3/15/2023,12.16
3/16/2023,12.12
3/17/2023,12.13
3/18/2023,12.12
3/19/2023,12.13
3/20/2023,12.1
3/21/2023,12.13
3/22/2023,12.12
3/23/2023,12.15
3/24/2023,12.12
3/25/2023,12.11
3/26/2023,12.12
3/27/2023,12.12
3/28/2023,12.13
3/29/2023,12.13
3/30/2023,12.13
3/31/2023,12.1
4/1/2023,12.12
4/2/2023,12.15
4/3/2023,12.19
4/4/2023,12.28
4/5/2023,12.22
4/6/2023,12.27
4/7/2023,12.21
4/8/2023,12.21
4/9/2023,12.23
4/10/2023,12.2
4/11/2023,12.22
4/12/2023,12.29
4/13/2023,13.23
4/14/2023,12.31
4/15/2023,12.29
4/16/2023,12.24
4/17/2023,12.2
4/18/2023,12.21
4/19/2023,12.17
4/20/2023,12.25
4/21/2023,12.17
4/22/2023,12.09
4/23/2023,12.09
4/24/2023,12.09
4/25/2023,12.1
4/26/2023,12.1
4/27/2023,12.11
4/28/2023,12.1
4/29/2023,12.11
4/30/2023,12.1
5/1/2023,12.12
5/2/2023,12.13
5/3/2023,12.13
5/4/2023,12.11
5/5/2023,12.09
5/6/2023,12.11
5/7/2023,12.11
5/8/2023,12.12
5/9/2023,12.11
5/10/2023,12.12
5/11/2023,12.23
5/12/2023,12.45
5/13/2023,12.15
5/14/2023,12.21
5/15/2023,12.16
5/16/2023,12.17
5/17/2023,12.16
5/18/2023,12.11
5/19/2023,12.15
5/20/2023,12.12
5/21/2023,12.13
5/22/2023,12.12
5/23/2023,12.14
5/24/2023,12.13
5/25/2023,12.13
5/26/2023,12.12
5/27/2023,12.09
5/28/2023,12.08
5/29/2023,12.12
5/30/2023,12.13
5/31/2023,12.11
6/1/2023,12.14
6/2/2023,12.16
6/3/2023,12.14
6/4/2023,12.16
6/5/2023,12.16
6/6/2023,12.12
6/7/2023,12.13
6/8/2023,12.15
6/9/2023,12.12
6/10/2023,12.12
6/11/2023,12.13
6/12/2023,12.12
6/13/2023,12.09
6/14/2023,12.1
6/15/2023,12.09
6/16/2023,12.09
6/17/2023,12.06
6/18/2023,12.09
6/19/2023,12.09
6/20/2023,12.09
6/21/2023,12.08
6/22/2023,12.09
6/23/2023,12.09
6/24/2023,12.09
6/25/2023,12.11
6/26/2023,12.11
6/27/2023,12.14
6/28/2023,12.05
6/29/2023,12.08
6/30/2023,12.07
7/1/2023,12.11
7/2/2023,12.07
7/3/2023,12.1
7/4/2023,12.09
7/5/2023,12.07
7/6/2023,12.07
7/7/2023,12.07
7/8/2023,12.07
7/9/2023,12.07
7/10/2023,12.1
7/11/2023,12.08
7/12/2023,12.07
7/13/2023,12.08
7/14/2023,12.08
7/15/2023,12.13
7/16/2023,12.07
7/17/2023,12.07
7/18/2023,12.07
7/19/2023,12.08
7/20/2023,12.07
7/21/2023,12.07
7/22/2023,12.06
7/23/2023,12.06
7/24/2023,12.06
7/25/2023,12.07
7/26/2023,12.06
7/27/2023,12.07
7/28/2023,12.08
7/29/2023,12.06
7/30/2023,12.07
7/31/2023,12.05
8/1/2023,12.05
8/2/2023,12.05
8/3/2023,12.07
8/4/2023,12.05
8/5/2023,12.06
8/6/2023,12.07
8/7/2023,12.08
8/8/2023,12.07
8/9/2023,12.07
8/10/2023,12.07
8/11/2023,12.07
8/12/2023,12.07
8/13/2023,12.05
8/14/2023,12.05
8/15/2023,12.06
8/16/2023,12.07
8/17/2023,12.08
8/18/2023,12.08
8/19/2023,12.06
8/20/2023,12.08
8/21/2023,12.08
8/22/2023,12.06
8/23/2023,12.06
8/24/2023,12.07
8/25/2023,12.07
8/26/2023,12.06
8/27/2023,12.07
8/28/2023,12.07
8/29/2023,12.1
8/30/2023,12.08
8/31/2023,12.07
9/1/2023,12.07
9/2/2023,12.11
9/3/2023,12.07
9/4/2023,12.05
9/5/2023,12.08
9/6/2023,12.08
9/7/2023,12.06
9/8/2023,12.07
9/9/2023,12.08
9/10/2023,12.08
9/11/2023,12.07
9/12/2023,12.07
9/13/2023,12.09
9/14/2023,12.11
9/15/2023,12.15
9/16/2023,12.18
9/17/2023,12.23
9/18/2023,12.12
9/19/2023,12.09
9/20/2023,12.07
9/21/2023,12.08
9/22/2023,12.1
9/23/2023,12.08
9/24/2023,12.08
9/25/2023,12.07
9/26/2023,12.08
9/27/2023,12.05
9/28/2023,12.08
9/29/2023,12.08
9/30/2023,12.05
10/1/2023,12.05
10/2/2023,12.04
10/3/2023,12.07
10/4/2023,12.06
10/5/2023,12.07
10/6/2023,12.06
10/7/2023,12.05
10/8/2023,12.06
10/9/2023,12.06
10/10/2023,12.04
10/11/2023,12.08
10/12/2023,12.07
10/13/2023,12.07
10/14/2023,12.06
10/15/2023,12.06
10/16/2023,12.03
10/17/2023,12.05
10/18/2023,12.06
10/19/2023,12.07
10/20/2023,12.06
10/21/2023,12.06
10/22/2023,12.06
10/23/2023,12.04
